PassengerId,HomePlanet,CryoSleep,Cabin,Destination,Age,VIP,RoomService,FoodCourt,ShoppingMall,Spa,VRDeck
0001_01,Europa,False,B/0/P,TRAPPIST-1e,39,False,0,0,0,0,0
0002_01,Earth,False,F/0/S,TRAPPIST-1e,24,False,109,9,25,549,44
0003_01,Europa,False,A/0/S,TRAPPIST-1e,58,True,43,3576,0,6715,49
0003_02,Europa,False,A/0/S,TRAPPIST-1e,33,False,0,1283,371,3329,193
0004_01,Earth,False,F/1/S,TRAPPIST-1e,16,False,303,70,151,565,2
0005_01,Earth,False,F/0/P,PSO J318.5-22,44,False,0,483,0,291,0
0006_01,Earth,False,F/2/S,TRAPPIST-1e,26,False,42,1539,3,0,0
0006_02,Earth,True,G/0/S,TRAPPIST-1e,28,False,0,0,0,0,
0007_01,Earth,False,F/3/S,TRAPPIST-1e,35,False,0,785,17,216,0
0008_01,Europa,True,B/1/P,55 Cancri e,14,False,0,0,0,0,0
0008_02,Europa,True,B/1/P,TRAPPIST-1e,34,False,0,0,,0,0
0008_03,Europa,False,B/1/P,55 Cancri e,45,False,39,7295,589,110,124
0009_01,Mars,False,F/1/P,TRAPPIST-1e,32,False,73,0,1123,0,113
0010_01,Earth,False,G/1/S,TRAPPIST-1e,48,False,719,1,65,0,24
0011_01,Earth,False,F/2/P,TRAPPIST-1e,28,False,8,974,12,2,7
0012_01,Earth,False,,TRAPPIST-1e,31,False,32,0,876,0,0
0014_01,Mars,False,F/3/P,55 Cancri e,27,False,1286,122,,0,0
0015_01,Earth,False,F/4/P,55 Cancri e,24,False,0,1,0,0,637
0016_01,Mars,True,F/5/P,TRAPPIST-1e,45,False,0,0,0,0,0
0017_01,Earth,False,G/0/P,TRAPPIST-1e,0,False,0,0,0,0,0
0017_02,Earth,False,F/6/P,55 Cancri e,14,False,412,0,1,0,679
0020_01,Earth,True,E/0/S,TRAPPIST-1e,1,False,0,0,0,0,0
0020_02,Earth,True,E/0/S,55 Cancri e,49,False,0,0,0,0,0
0020_03,Earth,True,E/0/S,55 Cancri e,29,False,0,0,,0,0
0020_04,Earth,False,E/0/S,TRAPPIST-1e,10,False,0,0,0,0,0
0020_05,Earth,True,E/0/S,PSO J318.5-22,1,False,,0,0,0,0
0020_06,Earth,False,E/0/S,TRAPPIST-1e,7,False,0,0,0,0,0
0022_01,Mars,False,D/0/P,TRAPPIST-1e,21,False,980,2,69,0,0
0024_01,Europa,True,C/2/S,TRAPPIST-1e,62,False,0,0,,0,0
0025_01,Earth,False,F/6/S,TRAPPIST-1e,15,False,0,225,0,998,0
0026_01,Europa,False,C/0/P,55 Cancri e,34,False,22,6073,0,1438,328
0028_01,Mars,False,F/8/P,TRAPPIST-1e,43,False,1125,0,136,48,0
0030_01,Earth,False,G/4/S,TRAPPIST-1e,32,False,0,850,81,437,453
0031_01,Mars,False,F/9/P,TRAPPIST-1e,47,False,214,0,1411,0,1229
0031_02,Mars,False,F/9/P,TRAPPIST-1e,2,False,0,0,0,0,0
0031_03,Mars,False,F/9/P,TRAPPIST-1e,20,False,,0,1750,990,0
0034_01,Europa,True,D/1/S,55 Cancri e,28,False,0,0,0,0,0
0035_01,Mars,False,D/1/P,55 Cancri e,23,False,784,964,0,951,0
0036_01,Earth,False,F/8/S,55 Cancri e,15,,0,492,48,20,401
0038_01,Earth,False,F/10/S,55 Cancri e,20,False,554,195,0,2606,0
0039_01,Earth,True,G/1/P,55 Cancri e,30,False,0,0,,0,0
0041_01,Earth,True,G/2/P,TRAPPIST-1e,17,False,0,0,0,0,0
0043_01,Europa,False,B/3/P,TRAPPIST-1e,45,False,0,164,45,2511,855
0044_01,Earth,True,G/3/P,TRAPPIST-1e,55,False,0,0,0,0,0
0044_02,Earth,True,G/3/P,55 Cancri e,4,False,0,0,0,0,0
0044_03,Earth,True,G/3/P,PSO J318.5-22,21,False,0,0,0,0,0
0045_01,Mars,False,F/10/P,TRAPPIST-1e,21,False,970,0,180,0,64
0045_02,Mars,True,F/10/P,,19,False,0,0,0,0,0
0050_01,Earth,False,E/1/S,55 Cancri e,35,False,790,0,0,,0
0051_01,Earth,False,E/2/S,TRAPPIST-1e,56,False,0,112,0,1379,127
0052_01,Earth,False,G/6/S,TRAPPIST-1e,,False,4,0,2,4683,0
0053_01,Earth,False,F/11/S,TRAPPIST-1e,25,False,0,0,1938,0,1
0056_01,Europa,False,A/1/S,TRAPPIST-1e,2,False,0,0,0,0,0
0056_02,Europa,True,A/1/S,TRAPPIST-1e,38,False,0,0,0,0,0
0056_03,Europa,False,A/1/S,TRAPPIST-1e,27,False,279,605,3374,286,3
0058_01,Earth,True,G/7/S,PSO J318.5-22,36,False,0,0,0,0,0
0061_01,Earth,False,F/12/S,TRAPPIST-1e,22,False,45,1096,148,1377,1
0062_01,Earth,False,F/13/S,TRAPPIST-1e,62,False,0,592,0,17,25
0064_01,Mars,True,F/14/S,TRAPPIST-1e,15,False,0,0,0,0,0
0064_02,,True,E/3/S,TRAPPIST-1e,33,False,0,0,,0,0
0066_01,Earth,False,G/6/P,TRAPPIST-1e,62,False,1,153,197,0,460
0067_01,Earth,True,G/10/S,PSO J318.5-22,0,False,0,0,0,0,0
0067_02,Earth,False,G/10/S,TRAPPIST-1e,18,False,1,258,446,0,0
0067_03,Earth,False,F/15/S,55 Cancri e,21,False,1946,37,0,0,24
0068_01,Mars,False,E/4/S,TRAPPIST-1e,,False,793,0,2,253,0
0069_01,Earth,False,F/16/S,TRAPPIST-1e,42,False,887,0,9,6,0
0070_01,Earth,False,F/13/P,TRAPPIST-1e,19,False,190,0,5,1,726
0071_01,Earth,False,F/14/P,TRAPPIST-1e,17,False,16,2165,0,0,52
0072_01,Earth,False,F/17/S,TRAPPIST-1e,14,False,0,1,0,0,1063
0073_01,Mars,False,D/3/P,PSO J318.5-22,37,False,46,83,738,0,12
0074_01,Europa,False,C/3/S,TRAPPIST-1e,42,False,1,8397,0,0,506
0076_01,Mars,False,F/18/S,TRAPPIST-1e,27,False,147,0,1018,0,0
0077_01,Mars,False,F/15/P,TRAPPIST-1e,28,False,14,0,1295,0,0
0078_01,Europa,False,C/4/S,TRAPPIST-1e,38,False,0,5840,0,321,9654
0081_01,Earth,True,G/13/S,TRAPPIST-1e,13,False,0,0,0,0,0
0082_01,Mars,False,F/16/P,TRAPPIST-1e,42,False,7406,0,0,0,0
0082_02,Mars,True,F/16/P,TRAPPIST-1e,2,False,0,0,0,0,0
0082_03,Mars,False,F/16/P,TRAPPIST-1e,8,False,0,0,0,0,0
0084_01,Earth,False,G/14/S,TRAPPIST-1e,24,False,688,0,0,0,17
0085_01,Europa,True,C/5/S,TRAPPIST-1e,40,False,0,0,0,0,0
0086_01,Earth,False,F/17/P,TRAPPIST-1e,43,False,211,0,0,638,513
0088_01,Mars,True,E/5/S,PSO J318.5-22,45,False,0,0,0,0,0
0090_01,Earth,True,G/15/S,TRAPPIST-1e,35,False,0,0,0,0,0
0091_01,Earth,True,G/16/S,TRAPPIST-1e,26,False,,0,0,0,0
0091_02,Earth,False,F/20/S,TRAPPIST-1e,27,False,1,697,31,188,0
0092_01,Earth,False,G/9/P,TRAPPIST-1e,19,False,0,0,670,1,34
0092_02,Earth,True,G/9/P,TRAPPIST-1e,0,False,0,0,,0,0
0092_03,Earth,True,G/9/P,TRAPPIST-1e,3,False,0,0,0,0,0
0097_01,Europa,False,A/2/S,TRAPPIST-1e,54,False,0,1208,0,3,637
0098_01,Earth,False,G/11/P,TRAPPIST-1e,26,False,0,856,5,32,0
0098_02,Earth,False,G/11/P,TRAPPIST-1e,26,False,0,2811,957,0,87
0099_01,Earth,False,F/19/P,PSO J318.5-22,23,False,311,427,526,37,0
0099_02,Earth,,G/12/P,TRAPPIST-1e,2,False,0,0,0,0,0
0101_01,Mars,True,,TRAPPIST-1e,31,False,0,0,0,0,0
0102_01,Earth,False,F/23/S,TRAPPIST-1e,18,False,0,0,0,830,91
0103_01,Earth,False,F/24/S,TRAPPIST-1e,24,False,0,,0,0,17
0103_02,Earth,True,G/18/S,55 Cancri e,9,False,0,0,0,0,0
0103_03,Earth,True,G/18/S,TRAPPIST-1e,6,False,0,0,0,0,0
0105_01,Earth,,F/21/P,TRAPPIST-1e,27,False,0,0,570,2,131
0107_01,Mars,False,D/2/S,TRAPPIST-1e,21,False,1743,5,17,0,0
0108_01,Earth,True,G/19/S,TRAPPIST-1e,23,False,0,0,0,0,0
0108_02,Earth,False,G/19/S,TRAPPIST-1e,31,False,562,0,326,0,0
0108_03,Earth,False,G/19/S,TRAPPIST-1e,0,,0,0,0,0,0
0110_01,Europa,False,,TRAPPIST-1e,32,False,0,410,6,3929,764
0110_02,Europa,,B/5/P,TRAPPIST-1e,40,False,0,331,0,0,1687
0110_03,Europa,False,B/5/P,TRAPPIST-1e,42,False,2209,11418,0,1868,445
0110_04,Europa,True,B/5/P,TRAPPIST-1e,28,False,0,0,0,0,0
0111_01,Europa,True,E/6/S,TRAPPIST-1e,29,False,0,0,0,0,0
0112_01,Europa,False,B/1/S,55 Cancri e,48,True,0,2537,87,17,13
0113_01,Earth,False,F/23/P,TRAPPIST-1e,64,False,0,0,804,0,0
0114_01,Earth,False,G/20/S,TRAPPIST-1e,27,False,82,157,429,238,1
0115_01,Mars,,F/24/P,TRAPPIST-1e,26,False,0,0,0,0,
0116_01,Europa,False,D/4/P,TRAPPIST-1e,33,False,1,2223,0,12,404
0119_01,,False,A/0/P,TRAPPIST-1e,39,False,0,2344,0,65,6898
0119_02,Europa,True,A/0/P,TRAPPIST-1e,13,False,0,0,0,0,0
0120_01,Mars,True,F/25/P,TRAPPIST-1e,24,False,0,0,0,0,
0122_01,Earth,False,G/21/S,TRAPPIST-1e,29,False,0,0,0,699,74
0123_01,Earth,False,F/27/P,TRAPPIST-1e,18,False,55,597,49,0,1
0126_01,Mars,True,F/27/S,TRAPPIST-1e,67,False,0,0,0,0,0
0127_01,Mars,False,E/7/S,TRAPPIST-1e,35,False,701,0,296,0,25
0128_01,Mars,False,D/3/S,TRAPPIST-1e,61,True,2353,334,9,316,2
0128_02,Mars,False,E/8/S,TRAPPIST-1e,45,False,2103,6,0,0,0
0129_01,Earth,True,G/22/S,PSO J318.5-22,22,False,0,0,,0,0
0133_01,Mars,True,F/29/S,TRAPPIST-1e,19,False,0,0,0,0,0
0133_02,Mars,False,D/5/S,TRAPPIST-1e,36,False,2738,0,0,0,0
0134_01,Earth,False,G/17/P,TRAPPIST-1e,19,False,0,14,730,0,0
0136_01,Earth,False,G/23/S,PSO J318.5-22,47,False,97,418,126,25,55
0138_01,Earth,True,G/18/P,TRAPPIST-1e,13,False,0,0,0,0,0
0138_02,Earth,False,E/5/P,,34,False,0,22,0,564,207
0139_01,Europa,True,C/6/S,55 Cancri e,35,False,0,0,0,0,0
0140_01,Earth,True,G/19/P,TRAPPIST-1e,24,False,0,0,0,0,0
0140_02,Earth,False,F/29/P,TRAPPIST-1e,26,False,440,0,0,0,462
0141_01,Mars,False,F/30/P,TRAPPIST-1e,31,False,,0,97,0,0
0144_01,Earth,False,F/31/S,TRAPPIST-1e,20,False,0,420,210,0,0
0146_01,Earth,False,G/25/S,TRAPPIST-1e,56,False,0,0,0,0,0
0147_01,Earth,True,G/26/S,TRAPPIST-1e,50,False,0,0,0,0,0
0148_01,Mars,False,F/31/P,TRAPPIST-1e,42,False,1072,0,10,0,76
0149_01,Earth,True,G/27/S,55 Cancri e,,False,0,0,0,0,0
0151_01,Earth,True,G/20/P,55 Cancri e,38,False,0,0,0,0,0
0152_01,Earth,False,F/32/P,,41,False,0,0,0,0,607
0160_01,Earth,False,G/22/P,TRAPPIST-1e,22,False,4119,0,0,0,61
0163_01,Europa,True,B/8/P,TRAPPIST-1e,26,False,0,0,0,0,0
0163_02,Europa,True,B/8/P,TRAPPIST-1e,17,False,0,0,0,0,0
0164_01,Earth,False,G/28/S,TRAPPIST-1e,57,False,50,1688,0,,135
0164_02,Earth,True,G/28/S,PSO J318.5-22,17,False,0,0,0,0,0
0165_01,Mars,True,F/37/P,TRAPPIST-1e,35,,0,0,0,0,0
0167_01,Mars,True,F/35/S,TRAPPIST-1e,13,False,0,0,0,0,0
0167_02,Mars,False,F/35/S,TRAPPIST-1e,27,False,1365,0,48,22,137
0169_01,Earth,True,G/23/P,TRAPPIST-1e,31,False,0,0,0,0,0
0170_01,Earth,False,E/10/S,TRAPPIST-1e,24,False,0,0,0,221,567
0171_01,Earth,True,G/30/S,PSO J318.5-22,19,False,0,0,0,0,0
0172_01,Earth,True,G/24/P,TRAPPIST-1e,32,False,0,0,0,0,0
0173_01,Earth,,E/11/S,TRAPPIST-1e,58,False,0,985,0,5,0
0174_01,Earth,False,F/38/P,55 Cancri e,21,False,287,0,16,115,175
0177_01,Europa,False,B/2/S,TRAPPIST-1e,38,False,0,10346,1,14970,2111
0178_01,Mars,False,D/6/S,TRAPPIST-1e,38,False,3414,0,161,28,119
0179_01,Earth,False,G/26/P,TRAPPIST-1e,19,False,1,219,673,2,11
0179_02,Earth,False,G/26/P,TRAPPIST-1e,0,False,0,0,0,0,0
0179_03,Earth,False,G/26/P,TRAPPIST-1e,3,False,0,0,0,0,0
0181_01,Earth,False,G/27/P,TRAPPIST-1e,20,False,0,0,3,299,92
0182_01,Europa,True,C/3/P,TRAPPIST-1e,24,False,0,0,0,0,0
0183_01,Earth,False,F/36/S,TRAPPIST-1e,37,False,17,146,426,0,232
0186_01,Earth,False,G/28/P,TRAPPIST-1e,25,False,62,0,0,0,956
0188_01,Earth,True,G/31/S,TRAPPIST-1e,56,False,0,0,0,0,0
0189_01,Earth,False,E/8/P,55 Cancri e,49,False,84,3,401,202,98
0190_01,Earth,True,G/32/S,55 Cancri e,11,False,0,0,0,0,0
0192_01,Earth,True,G/29/P,TRAPPIST-1e,1,False,0,0,0,0,0
0192_02,Earth,False,G/29/P,TRAPPIST-1e,8,False,0,0,0,0,0
0192_03,Earth,False,G/29/P,TRAPPIST-1e,39,False,0,0,10,898,0
0193_01,Mars,True,F/41/P,TRAPPIST-1e,2,False,0,0,0,0,0
0193_02,Mars,False,F/41/P,TRAPPIST-1e,23,False,,0,8,1072,0
0193_03,Mars,False,F/41/P,TRAPPIST-1e,0,False,0,0,0,0,0
0195_01,Mars,False,F/42/P,TRAPPIST-1e,39,False,406,0,867,0,0
0196_01,Mars,False,D/5/P,PSO J318.5-22,25,False,1052,0,719,0,7
0197_01,Europa,False,C/5/P,TRAPPIST-1e,36,False,0,972,0,795,575
0198_01,Earth,,G/30/P,PSO J318.5-22,52,False,0,0,0,0,0
0199_01,Earth,True,G/33/S,TRAPPIST-1e,18,False,0,0,0,0,0
0200_01,Earth,True,G/31/P,TRAPPIST-1e,15,False,0,0,0,0,0
0201_01,Europa,True,B/3/S,TRAPPIST-1e,35,False,0,0,0,0,0
0201_02,Europa,True,B/3/S,TRAPPIST-1e,47,False,0,0,0,0,0
0202_01,Europa,True,B/9/P,55 Cancri e,45,False,0,0,0,0,0
0202_02,Europa,False,A/2/P,55 Cancri e,,False,0,2433,,878,443
0203_01,Europa,True,C/8/S,TRAPPIST-1e,51,False,0,0,0,0,0
0205_01,Earth,False,G/34/S,TRAPPIST-1e,29,False,0,2,66,0,705
0206_01,Europa,False,C/9/S,55 Cancri e,,False,2,1720,12,1125,122
0207_01,Earth,True,G/32/P,PSO J318.5-22,19,False,0,0,0,0,0
0210_01,,True,D/6/P,55 Cancri e,24,False,0,0,,0,0
0211_01,Mars,False,F/44/P,TRAPPIST-1e,29,False,902,1,137,0,0
0211_02,Mars,True,F/44/P,TRAPPIST-1e,11,False,0,0,0,0,0
0211_03,Mars,False,F/44/P,TRAPPIST-1e,17,False,848,0,307,182,0
0212_01,Earth,False,E/9/P,TRAPPIST-1e,13,False,192,0,0,51,739
0212_02,Earth,False,F/45/P,TRAPPIST-1e,35,False,147,188,0,10,387
0213_01,Earth,False,F/46/P,TRAPPIST-1e,21,False,367,281,0,0,146
0216_01,Earth,False,F/40/S,55 Cancri e,21,False,0,56,0,0,1918
0217_01,Earth,False,F/47/P,TRAPPIST-1e,38,False,1517,0,0,27,0
0219_01,Earth,True,G/36/P,TRAPPIST-1e,19,False,0,0,0,0,0
0220_01,Earth,True,G/37/P,TRAPPIST-1e,2,False,0,0,0,0,0
0220_02,Earth,False,G/37/P,TRAPPIST-1e,0,False,0,0,0,0,0
0220_03,Earth,True,G/37/P,TRAPPIST-1e,13,False,0,0,0,0,0
0220_04,Earth,False,E/10/P,TRAPPIST-1e,25,False,122,84,,0,0
0220_05,Earth,False,F/48/P,TRAPPIST-1e,16,False,0,3,0,0,1099
0220_06,Earth,False,G/37/P,55 Cancri e,1,False,0,0,0,0,0
0220_07,Earth,True,G/37/P,TRAPPIST-1e,15,False,0,0,0,0,0
0221_01,Mars,False,E/13/S,55 Cancri e,21,False,2237,0,119,0,0
0221_02,Mars,False,E/13/S,TRAPPIST-1e,23,False,1215,80,1,2,0
0221_03,Mars,False,E/13/S,TRAPPIST-1e,33,False,1933,12,188,1,0
0221_04,Mars,True,E/13/S,TRAPPIST-1e,21,False,0,0,0,0,0
0221_05,Mars,False,E/13/S,TRAPPIST-1e,41,False,1230,0,301,43,1023
0221_06,Mars,False,E/13/S,TRAPPIST-1e,16,False,915,0,221,234,0
0221_07,Mars,True,E/13/S,TRAPPIST-1e,42,False,0,0,0,0,0
0222_01,Mars,False,F/41/S,TRAPPIST-1e,20,False,1406,0,0,11,0
0222_02,Mars,True,F/41/S,TRAPPIST-1e,24,False,0,0,0,0,0
0222_03,Mars,True,E/14/S,TRAPPIST-1e,16,False,0,0,0,0,0
0223_01,Earth,False,G/35/S,TRAPPIST-1e,21,False,0,2,665,0,9
0224_01,Mars,False,F/42/S,TRAPPIST-1e,32,True,181,0,5,1634,0
0225_01,Earth,True,G/38/P,PSO J318.5-22,58,False,0,0,0,0,0
0229_01,Earth,False,F/43/S,TRAPPIST-1e,24,False,4,7,0,713,79
0231_01,Mars,False,F/44/S,TRAPPIST-1e,30,False,85,0,1,1720,0
0232_01,Earth,True,G/36/S,PSO J318.5-22,27,False,0,,0,0,0
0233_01,Mars,False,F/45/S,TRAPPIST-1e,32,False,56,0,256,1438,0
0234_01,Earth,False,F/50/P,TRAPPIST-1e,43,False,,888,0,0,0
0237_01,Europa,True,B/11/P,TRAPPIST-1e,42,False,0,0,0,0,0
0239_01,Mars,False,,TRAPPIST-1e,37,False,637,0,0,92,319
0240_01,Mars,True,F/52/P,TRAPPIST-1e,35,False,0,0,0,0,0
0241_01,Europa,,E/11/P,55 Cancri e,33,False,0,1249,0,4812,1116
0242_01,,False,F/46/S,TRAPPIST-1e,18,False,313,1,691,283,0
0243_01,Earth,True,G/37/S,TRAPPIST-1e,21,False,0,0,0,0,0
0244_01,Mars,True,,TRAPPIST-1e,43,False,0,0,0,0,0
0244_02,Mars,True,F/47/S,55 Cancri e,14,,0,0,0,0,0
0245_01,Europa,False,C/6/P,55 Cancri e,46,False,0,3571,0,0,7
0245_02,Europa,False,C/6/P,TRAPPIST-1e,33,False,0,86,796,584,10912
0246_01,Mars,False,D/8/P,TRAPPIST-1e,21,False,2947,0,287,27,0
0248_01,Europa,False,C/10/S,TRAPPIST-1e,33,False,0,1,0,8620,1063
0250_01,Earth,True,G/38/S,PSO J318.5-22,47,False,,0,0,0,0
0251_01,,True,C/11/S,55 Cancri e,54,False,0,0,0,0,0
0252_01,Earth,False,F/53/P,TRAPPIST-1e,30,False,335,695,541,0,0
0253_01,Earth,False,G/42/P,TRAPPIST-1e,29,False,272,615,0,0,1
0254_01,Earth,False,F/54/P,TRAPPIST-1e,21,False,702,172,408,2,6
0255_01,Europa,True,A/3/S,TRAPPIST-1e,24,False,0,0,0,0,0
0257_01,Mars,False,F/49/S,55 Cancri e,21,False,1664,0,,0,0
0257_02,Mars,True,F/49/S,TRAPPIST-1e,60,False,0,0,0,0,0
0258_01,Earth,False,F/50/S,TRAPPIST-1e,22,False,0,0,313,299,92
0260_01,Europa,False,E/16/S,TRAPPIST-1e,26,False,0,4810,0,981,2054
0261_01,Earth,False,F/56/P,TRAPPIST-1e,26,False,66,29,0,0,803
0263_01,Earth,True,G/43/P,TRAPPIST-1e,28,False,0,0,0,0,0
0265_01,Europa,True,D/8/S,TRAPPIST-1e,39,False,0,0,0,,0
0267_01,Earth,False,F/51/S,TRAPPIST-1e,13,False,118,0,0,754,1
0269_01,Earth,False,F/52/S,55 Cancri e,47,False,0,231,592,0,0
0270_01,Earth,False,F/59/P,TRAPPIST-1e,63,False,0,25,128,0,1240
0275_01,Europa,True,D/9/S,55 Cancri e,,False,0,0,0,0,0
0277_01,Earth,False,F/61/P,55 Cancri e,50,False,44,2390,0,53,0
0278_01,Earth,False,,TRAPPIST-1e,35,False,0,0,0,888,
0278_02,Earth,False,G/45/P,TRAPPIST-1e,45,False,0,97,0,14,333
0281_01,Earth,False,F/63/P,TRAPPIST-1e,19,False,0,0,2078,0,0
0282_01,Earth,False,F/54/S,TRAPPIST-1e,21,False,0,918,0,0,0
0283_01,Earth,True,G/46/P,PSO J318.5-22,29,False,0,0,0,0,0
0283_02,Earth,False,F/64/P,TRAPPIST-1e,22,False,146,654,1,0,2
0285_01,Europa,True,E/16/P,TRAPPIST-1e,14,False,0,0,0,0,0
0285_02,Europa,True,E/16/P,55 Cancri e,42,False,0,0,0,0,0
0286_01,Earth,False,F/65/P,55 Cancri e,57,False,3,1281,29,162,13
0287_01,Europa,True,,55 Cancri e,39,False,0,0,0,0,0
0287_02,Europa,False,B/12/P,TRAPPIST-1e,28,False,0,587,32,6,1460
0288_01,Earth,False,F/55/S,55 Cancri e,19,False,0,0,0,0,828
0289_01,Europa,True,C/12/S,55 Cancri e,19,False,0,0,0,0,0
0290_01,Europa,False,B/7/S,55 Cancri e,26,False,0,4458,0,1157,262
0290_02,Europa,True,B/7/S,TRAPPIST-1e,17,False,0,0,0,0,0
0290_03,Europa,,B/7/S,TRAPPIST-1e,43,False,0,0,0,0,0
0290_04,Europa,False,B/7/S,55 Cancri e,9,False,0,0,0,0,0
0291_01,Europa,False,D/10/S,TRAPPIST-1e,40,False,0,6500,88,1090,0
0294_01,Europa,True,B/8/S,TRAPPIST-1e,50,False,0,0,0,,0
0297_01,Earth,False,G/47/P,TRAPPIST-1e,24,False,90,2,1324,17,0
0298_01,Europa,True,A/3/P,55 Cancri e,57,False,0,0,0,0,0
0301_01,Earth,True,,TRAPPIST-1e,16,False,0,0,0,0,0
0302_01,Earth,False,F/67/P,TRAPPIST-1e,23,False,0,0,15,0,1370
0303_01,,True,G/41/S,TRAPPIST-1e,23,False,0,0,0,0,0
0304_01,Europa,False,E/18/S,TRAPPIST-1e,28,False,0,422,0,1851,5166
0305_01,Europa,False,C/7/P,55 Cancri e,23,False,0,584,0,20,2469
0306_01,Earth,False,E/19/S,TRAPPIST-1e,23,False,368,175,259,1,101
0307_01,Earth,False,F/59/S,TRAPPIST-1e,18,False,0,0,1359,0,0
0309_01,Earth,False,F/60/S,TRAPPIST-1e,18,False,1194,0,157,6,0
0310_01,Europa,False,,TRAPPIST-1e,67,False,,230,0,4476,241
0313_01,Earth,False,F/68/P,PSO J318.5-22,60,False,7,540,1,0,4
0313_02,Earth,True,G/50/P,55 Cancri e,,False,0,0,,0,0
0313_03,Earth,False,F/68/P,55 Cancri e,49,False,331,0,0,318,0
0313_04,Earth,False,G/50/P,55 Cancri e,0,False,0,0,0,0,0
0314_01,Earth,False,G/51/P,55 Cancri e,26,False,386,0,74,0,1330
0315_01,,True,G/42/S,PSO J318.5-22,35,False,0,0,0,0,0
0316_01,Europa,False,B/9/S,TRAPPIST-1e,24,False,0,2628,,170,0
0316_02,Europa,True,B/9/S,TRAPPIST-1e,20,False,0,0,0,0,
0320_01,Earth,False,G/44/S,TRAPPIST-1e,18,False,0,2,0,,0
0320_02,Earth,False,G/44/S,TRAPPIST-1e,21,False,0,5,3,0,
0321_01,,False,F/61/S,TRAPPIST-1e,59,True,1018,0,209,0,0
0322_01,Earth,True,G/45/S,PSO J318.5-22,13,False,0,0,0,0,0
0324_01,Earth,True,G/53/P,55 Cancri e,43,False,0,0,0,0,0
0326_01,Earth,True,G/47/S,TRAPPIST-1e,29,False,0,0,0,0,0
0327_01,Earth,False,,TRAPPIST-1e,19,False,17,0,784,0,2
0330_01,Europa,False,C/14/S,TRAPPIST-1e,2,False,0,0,0,0,0
0330_02,Europa,False,C/14/S,TRAPPIST-1e,32,False,247,4651,0,46,202
0330_03,Europa,False,C/14/S,TRAPPIST-1e,33,False,443,317,0,148,1260
0331_01,Earth,False,F/72/P,TRAPPIST-1e,25,False,0,0,251,0,552
0333_01,Mars,True,F/73/P,55 Cancri e,29,False,0,0,0,0,0
0334_01,Mars,False,F/62/S,TRAPPIST-1e,29,False,5715,2,211,1476,0
0336_01,Earth,False,F/74/P,TRAPPIST-1e,44,False,695,1,16,0,0
0337_01,Mars,True,F/63/S,55 Cancri e,2,False,0,0,0,0,0
0337_02,Mars,False,F/63/S,TRAPPIST-1e,19,False,417,349,634,3,1057
0337_03,Mars,False,F/63/S,55 Cancri e,0,False,0,0,0,0,0
0338_01,Earth,True,G/48/S,TRAPPIST-1e,18,False,0,0,,0,0
0340_01,Europa,True,B/10/S,55 Cancri e,38,False,0,0,0,0,0
0341_01,Earth,True,G/57/P,PSO J318.5-22,5,False,0,0,0,0,0
0343_01,Earth,False,F/76/P,PSO J318.5-22,31,False,121,0,0,274,907
0345_01,Mars,True,E/21/S,TRAPPIST-1e,30,False,0,0,0,0,0
0346_01,Earth,True,G/59/P,55 Cancri e,15,False,0,0,0,0,0
0347_01,Mars,False,F/64/S,TRAPPIST-1e,27,False,434,0,1434,0,0
0348_01,Mars,False,D/12/P,TRAPPIST-1e,22,False,142,2876,202,3,0
0348_02,Mars,,,TRAPPIST-1e,36,False,520,0,1865,0,0
0350_01,Earth,True,G/60/P,PSO J318.5-22,14,False,0,0,0,0,0
0352_01,Mars,False,F/78/P,TRAPPIST-1e,23,False,2001,0,2975,0,0
0355_01,Earth,True,,TRAPPIST-1e,18,False,0,0,0,0,0
0356_01,Europa,True,B/15/P,55 Cancri e,36,False,0,0,0,0,0
0357_01,Earth,False,F/65/S,TRAPPIST-1e,41,False,,1198,0,124,572
0358_01,Earth,True,G/50/S,TRAPPIST-1e,50,False,0,0,0,0,0
0358_02,Earth,True,G/50/S,PSO J318.5-22,32,False,0,0,0,0,0
0359_01,Earth,False,F/66/S,PSO J318.5-22,26,False,148,0,453,0,88
0360_01,Earth,False,F/67/S,TRAPPIST-1e,15,False,358,212,33,0,112
0361_01,Earth,False,F/68/S,55 Cancri e,33,False,0,36,0,280,417
0365_01,Earth,False,G/51/S,55 Cancri e,,False,0,0,0,685,21
0368_01,Mars,False,F/82/P,TRAPPIST-1e,26,False,2832,107,4447,15,4
0368_02,Mars,True,F/82/P,TRAPPIST-1e,61,False,0,0,0,0,0
0369_01,Earth,False,G/53/S,TRAPPIST-1e,24,False,0,0,592,177,58
0370_01,Earth,False,F/83/P,TRAPPIST-1e,30,False,0,95,0,441,1023
0371_01,Mars,True,F/84/P,TRAPPIST-1e,24,False,0,0,0,0,0
0372_01,Earth,False,F/85/P,TRAPPIST-1e,24,False,0,5,0,2766,0
0373_01,Earth,True,G/62/P,TRAPPIST-1e,41,False,0,0,0,0,0
0375_01,Earth,False,E/22/P,TRAPPIST-1e,20,False,0,0,558,0,230
0376_01,Earth,False,G/54/S,TRAPPIST-1e,22,False,116,0,786,6,0
0377_01,Europa,False,C/15/S,55 Cancri e,63,False,0,1068,0,176,8188
0378_01,Europa,False,B/11/S,55 Cancri e,18,False,17,215,4,5132,697
0378_02,Europa,True,B/11/S,55 Cancri e,21,False,0,0,0,0,0
0378_03,Europa,False,B/11/S,TRAPPIST-1e,79,False,5649,235,7,2579,2175
0378_04,Europa,True,B/11/S,TRAPPIST-1e,56,False,0,0,0,0,0
0378_05,Europa,True,B/11/S,TRAPPIST-1e,13,False,0,0,0,0,0
0378_06,Europa,False,B/11/S,TRAPPIST-1e,33,False,0,2491,6,1173,1059
0378_07,Europa,True,B/11/S,TRAPPIST-1e,32,False,0,0,0,0,0
0379_01,Earth,False,G/63/P,TRAPPIST-1e,31,False,198,0,591,0,164
0380_01,Europa,True,,55 Cancri e,26,False,0,0,0,0,0
0381_01,Europa,True,B/16/P,55 Cancri e,18,False,0,0,0,0,0
0381_02,Europa,True,B/16/P,55 Cancri e,38,False,0,0,,0,0
0382_01,,False,G/64/P,,23,False,348,0,0,4,368
0383_01,Earth,False,G/55/S,TRAPPIST-1e,28,False,82,773,0,3693,140
0383_02,Earth,True,G/55/S,PSO J318.5-22,34,False,0,0,0,0,0
0384_01,Earth,False,G/56/S,55 Cancri e,0,False,0,0,0,0,0
0384_02,Earth,False,G/56/S,TRAPPIST-1e,14,False,3,0,881,25,0
0385_01,Earth,False,G/65/P,TRAPPIST-1e,23,False,13,747,0,0,128
0387_01,Earth,True,G/66/P,TRAPPIST-1e,49,False,0,0,0,0,0
0388_01,Earth,True,G/57/S,TRAPPIST-1e,14,False,0,0,0,0,0
0389_01,Earth,False,E/23/P,TRAPPIST-1e,18,False,391,44,356,0,0
0391_01,Europa,False,C/9/P,PSO J318.5-22,27,True,69,5728,0,0,987
0392_01,Earth,False,E/24/P,TRAPPIST-1e,48,False,0,111,0,1508,0
0395_01,Europa,False,B/17/P,55 Cancri e,31,True,0,11003,552,8157,5688
0395_02,Europa,False,B/17/P,55 Cancri e,61,False,1,608,0,3835,1
0396_01,Earth,True,G/59/S,TRAPPIST-1e,18,False,0,0,0,0,0
0397_01,Mars,True,F/69/S,TRAPPIST-1e,45,False,0,0,0,0,0
0398_01,Mars,False,D/13/S,TRAPPIST-1e,22,False,28,420,36,6011,3
0401_01,Mars,False,D/14/S,TRAPPIST-1e,30,True,1056,0,0,0,0
0401_02,Mars,False,D/14/S,TRAPPIST-1e,30,False,1770,0,0,13,0
0402_01,,True,D/15/S,55 Cancri e,32,True,0,0,0,0,0
0403_01,Mars,False,D/13/P,TRAPPIST-1e,43,True,353,896,0,0,2
0405_01,Earth,False,F/89/P,55 Cancri e,17,False,177,,0,310,7
0407_01,Earth,False,G/69/P,TRAPPIST-1e,23,False,,21,0,0,1699
0407_02,Earth,False,F/90/P,TRAPPIST-1e,20,False,0,465,0,5,223
0407_03,Earth,True,G/69/P,TRAPPIST-1e,39,False,0,0,0,0,0
0408_01,Mars,False,E/25/P,TRAPPIST-1e,35,False,1134,113,52,0,0
0409_01,Mars,False,F/71/S,TRAPPIST-1e,31,False,0,0,1116,2,0
0410_01,Earth,False,F/72/S,55 Cancri e,21,False,0,150,0,567,0
0411_01,Earth,False,F/91/P,TRAPPIST-1e,16,False,691,0,101,140,0
0412_01,Europa,False,C/11/P,TRAPPIST-1e,60,False,0,7255,5952,1537,0
0413_01,Earth,False,F/92/P,TRAPPIST-1e,18,False,0,157,0,352,60
0415_01,Earth,True,G/60/S,TRAPPIST-1e,42,False,0,0,0,0,0
0417_01,Europa,True,B/18/P,55 Cancri e,68,False,0,0,0,0,0
0417_02,Europa,False,B/18/P,55 Cancri e,22,False,0,1170,0,5467,1241
0417_03,Europa,True,B/18/P,TRAPPIST-1e,59,False,0,0,0,0,0
0423_01,Europa,False,B/19/P,TRAPPIST-1e,,False,8,3584,0,13,57
0425_01,Mars,False,F/96/P,TRAPPIST-1e,37,False,1094,2,26,34,1
0425_02,Mars,True,F/96/P,TRAPPIST-1e,3,False,0,0,0,0,0
0425_03,Mars,True,F/96/P,TRAPPIST-1e,31,False,0,0,0,0,0
0427_01,Europa,False,E/26/P,TRAPPIST-1e,31,False,417,,7185,562,792
0428_01,Europa,False,C/16/S,TRAPPIST-1e,29,False,0,4118,0,715,3139
0429_01,Europa,False,A/5/S,55 Cancri e,20,False,2,10116,0,2,225
0429_02,Europa,True,A/5/S,55 Cancri e,46,False,0,0,0,0,0
0430_01,Earth,False,F/75/S,TRAPPIST-1e,29,False,0,1026,0,16,0
0431_01,Mars,True,F/97/P,TRAPPIST-1e,43,False,0,0,0,0,0
0432_01,Mars,False,F/76/S,TRAPPIST-1e,17,False,1483,10,0,0,0
0433_01,Europa,,B/20/P,55 Cancri e,27,False,0,0,0,0,0
0433_02,Europa,False,B/20/P,TRAPPIST-1e,47,False,4,891,0,2962,3656
0434_01,Mars,True,F/77/S,TRAPPIST-1e,45,False,0,0,0,0,0
0435_01,Earth,True,G/62/S,TRAPPIST-1e,17,False,0,0,0,0,0
0436_01,Earth,False,G/63/S,55 Cancri e,10,False,0,0,0,0,0
0436_02,Earth,False,G/63/S,PSO J318.5-22,56,False,46,11,0,622,0
0437_01,Earth,False,F/78/S,TRAPPIST-1e,39,False,382,0,22,467,0
0437_02,Earth,False,F/78/S,PSO J318.5-22,40,False,7,0,840,26,0
0438_01,Europa,True,B/13/S,TRAPPIST-1e,40,False,,0,0,0,0
0439_01,Europa,False,C/13/P,55 Cancri e,34,False,,5637,45,1936,56
0441_01,Earth,False,F/79/S,55 Cancri e,32,False,0,0,0,722,0
0442_01,Earth,False,F/98/P,TRAPPIST-1e,35,False,7,1043,0,0,0
0444_01,Mars,False,D/15/P,TRAPPIST-1e,32,True,2484,429,102,0,0
0444_02,,False,F/99/P,TRAPPIST-1e,26,True,1869,0,136,0,0
0445_01,Earth,False,F/80/S,TRAPPIST-1e,25,False,1352,0,0,24,799
0445_02,,False,E/25/S,TRAPPIST-1e,26,False,0,0,0,77,715
0446_01,Europa,True,B/21/P,55 Cancri e,22,False,0,0,0,0,0
0447_01,Earth,False,F/81/S,TRAPPIST-1e,22,False,9,0,795,0,0
0448_01,Earth,False,E/27/P,TRAPPIST-1e,24,False,757,0,0,32,0
0448_02,Earth,True,G/71/P,PSO J318.5-22,32,False,0,0,0,0,0
0449_01,Earth,True,G/64/S,TRAPPIST-1e,11,False,0,0,0,0,0
0452_01,Mars,True,E/26/S,TRAPPIST-1e,22,False,0,0,0,0,0
0453_01,Europa,True,B/14/S,TRAPPIST-1e,19,False,0,0,0,0,0
0453_02,Europa,True,,55 Cancri e,34,False,0,0,0,0,0
0453_03,Europa,True,B/14/S,TRAPPIST-1e,74,False,0,0,0,0,0
0454_01,Europa,,B/15/S,55 Cancri e,28,True,5,4288,0,745,5
0454_02,Europa,True,B/15/S,TRAPPIST-1e,42,False,0,0,0,0,0
0454_03,Europa,True,B/15/S,TRAPPIST-1e,43,False,0,0,0,0,0
0456_01,Earth,False,F/83/S,TRAPPIST-1e,55,False,210,185,188,59,73
0457_01,Earth,False,G/72/P,PSO J318.5-22,19,False,0,0,747,26,0
0457_02,Earth,True,G/72/P,TRAPPIST-1e,6,False,0,0,0,0,0
0457_03,Earth,False,G/72/P,TRAPPIST-1e,7,False,0,0,0,0,0
0458_01,Europa,True,D/16/S,55 Cancri e,28,False,0,0,0,0,0
0459_01,Earth,False,F/84/S,TRAPPIST-1e,15,False,2156,0,0,59,2
0460_01,Earth,True,G/65/S,PSO J318.5-22,24,False,0,0,0,0,0
0461_01,Earth,False,E/27/S,PSO J318.5-22,31,False,0,869,0,0,0
0461_02,Earth,False,F/85/S,TRAPPIST-1e,22,False,0,70,182,612,20
0461_03,Earth,False,G/66/S,55 Cancri e,1,False,0,0,0,0,0
0462_01,Earth,True,G/67/S,,50,False,0,0,0,0,0
0463_01,Mars,False,F/100/P,TRAPPIST-1e,34,False,865,0,257,,35
0463_02,Mars,False,F/100/P,TRAPPIST-1e,14,False,928,852,81,0,0
0465_01,Earth,False,E/28/P,TRAPPIST-1e,19,False,4,10,0,1178,428
0465_02,Earth,False,E/28/P,TRAPPIST-1e,,False,0,654,22,146,4
0466_01,Earth,False,F/101/P,TRAPPIST-1e,36,False,0,0,863,1,1
0468_01,Earth,True,,TRAPPIST-1e,34,False,0,0,0,0,0
0470_01,Mars,True,F/86/S,55 Cancri e,25,False,0,0,0,0,
0470_02,,True,F/86/S,TRAPPIST-1e,36,False,0,0,0,0,0
0471_01,Europa,False,B/22/P,TRAPPIST-1e,16,False,0,45,2,5183,170
0471_02,Europa,False,B/22/P,55 Cancri e,30,False,0,7972,0,0,4
0472_01,Earth,False,F/87/S,PSO J318.5-22,37,False,0,10,544,9,299
0474_01,Earth,True,G/69/S,55 Cancri e,15,False,0,0,0,0,0
0475_01,Earth,False,E/29/P,TRAPPIST-1e,36,False,0,0,38,9,943
0476_01,Mars,False,F/103/P,PSO J318.5-22,27,False,,6,145,144,0
0476_02,Mars,True,F/103/P,TRAPPIST-1e,27,False,0,0,0,0,0
0476_03,Mars,True,F/103/P,TRAPPIST-1e,12,False,0,0,0,0,0
0477_01,Earth,False,E/30/P,TRAPPIST-1e,22,False,0,5,0,1619,0
0480_01,Earth,False,G/74/P,TRAPPIST-1e,27,False,,34,23,0,275
0481_01,Earth,True,G/70/S,TRAPPIST-1e,13,False,0,0,0,0,0
0482_01,Earth,False,E/28/S,TRAPPIST-1e,27,False,0,118,0,5,665
0482_02,Earth,False,F/88/S,TRAPPIST-1e,28,False,0,14,0,0,615
0485_01,Europa,False,B/17/S,55 Cancri e,21,False,0,33,0,3348,55
0487_01,Europa,,C/19/S,TRAPPIST-1e,39,False,172,1794,12,4303,246
0488_01,Earth,True,G/76/P,PSO J318.5-22,28,False,0,0,,0,0
0490_01,Earth,True,G/71/S,TRAPPIST-1e,14,False,0,0,0,0,0
0498_01,Europa,True,,55 Cancri e,27,False,0,,0,0,0
0498_02,Europa,True,B/18/S,55 Cancri e,46,False,0,0,0,,0
0499_01,Mars,True,F/89/S,55 Cancri e,27,False,0,0,0,0,0
0499_02,Mars,False,E/29/S,TRAPPIST-1e,21,False,0,0,0,0,0
0500_01,Mars,False,D/19/P,55 Cancri e,21,False,513,0,1749,82,0
0501_01,Europa,False,E/32/P,TRAPPIST-1e,42,False,0,929,967,,481
0502_01,Mars,False,,TRAPPIST-1e,22,False,10,0,817,471,0
0503_01,Mars,False,F/90/S,TRAPPIST-1e,10,False,0,0,0,0,0
0503_02,Mars,False,F/90/S,TRAPPIST-1e,43,False,1821,0,47,29,0
0503_03,Mars,False,E/31/S,TRAPPIST-1e,42,False,1246,35,16,0,0
0504_01,Europa,True,B/19/S,55 Cancri e,18,False,0,0,0,0,0
0504_02,Europa,True,B/19/S,55 Cancri e,54,False,0,0,0,0,0
0504_03,Europa,True,B/19/S,,24,False,0,0,0,0,0
0504_04,Europa,False,B/19/S,TRAPPIST-1e,64,False,0,1737,11,401,752
0504_05,Europa,True,B/19/S,55 Cancri e,18,False,0,0,0,0,0
0504_06,,True,B/19/S,55 Cancri e,53,False,0,0,0,0,0
0506_01,Mars,True,F/91/S,TRAPPIST-1e,23,False,0,0,0,0,0
0507_01,Earth,False,G/74/S,TRAPPIST-1e,39,False,0,0,0,0,0
0510_01,Europa,False,C/16/P,TRAPPIST-1e,59,False,0,16521,0,323,0
0512_01,Europa,False,D/18/S,55 Cancri e,32,False,0,5755,0,59,122
0512_02,Europa,True,D/18/S,TRAPPIST-1e,55,False,0,0,0,0,0
0513_01,Earth,True,G/78/P,PSO J318.5-22,21,False,0,0,0,0,0
0515_01,Europa,True,B/20/S,TRAPPIST-1e,50,False,0,0,0,0,0
0516_01,Europa,False,A/6/S,55 Cancri e,55,False,113,2492,41,0,2376
0517_01,Earth,False,F/109/P,TRAPPIST-1e,,False,1445,0,1,2,73
0518_01,,True,F/92/S,TRAPPIST-1e,35,False,0,0,0,0,0
0519_01,Earth,True,G/77/S,TRAPPIST-1e,,False,0,0,0,0,0
0520_01,Earth,False,G/78/S,TRAPPIST-1e,55,False,62,,0,0,
0521_01,Earth,False,E/32/S,TRAPPIST-1e,23,False,39,263,0,0,
0522_01,Earth,False,E/33/P,TRAPPIST-1e,42,False,0,0,750,0,156
0523_01,Earth,False,E/33/S,TRAPPIST-1e,35,False,553,213,1733,0,6
0525_01,Earth,True,,TRAPPIST-1e,47,False,0,0,0,0,0
0527_01,Mars,False,F/93/S,55 Cancri e,,False,1172,11,3,0,4
0527_02,Mars,True,F/93/S,TRAPPIST-1e,34,False,0,0,0,0,0
0528_01,Europa,False,C/17/P,TRAPPIST-1e,46,False,0,1119,0,3427,6595
0529_01,Earth,True,G/81/P,PSO J318.5-22,26,False,0,0,0,0,0
0531_01,Earth,True,G/82/P,55 Cancri e,1,False,0,0,0,0,0
0531_02,Earth,True,G/82/P,55 Cancri e,,False,0,0,0,0,0
0533_01,Mars,False,D/21/P,TRAPPIST-1e,33,False,20,0,384,557,0
0534_01,Europa,False,B/23/P,TRAPPIST-1e,34,False,98,715,29,5732,1902
0534_02,Europa,False,B/23/P,TRAPPIST-1e,49,False,3573,1308,316,641,25
0537_01,Earth,False,G/83/P,TRAPPIST-1e,22,False,0,5,0,320,352
0538_01,Earth,False,F/110/P,TRAPPIST-1e,28,False,0,1073,0,0,5
0539_01,Europa,True,C/18/P,TRAPPIST-1e,,False,0,0,,0,0
